{
    "loss": 0.7055626511573792,
    "accuracy": 0.5035971403121948
}